DATE,ACCT,DESC,Category,Amount
01/02/2020,CHASE,GIRLSCOUTSN,PAULA,-$10.00
01/03/2020,CHASE,TARGET        00018549,TARGET,-$144.89
01/03/2020,CHASE,AMZN Mktp US,AMAZON,$15.89
01/06/2020,CHASE,ALBERT AND AUSTEIN MD PA,MEDICAL,-$4.89
01/09/2020,CHASE,Amazon.com*QY50L3SE3,AMAZON,-$51.28
01/09/2020,CHASE,MCDONALD'S M4539 OF MD,RESTAURANT,-$12.06
01/10/2020,CHASE,TARGET.COM  *,TARGET,-$56.16
01/12/2020,CHASE,WALMART.COM,DIAPERS,-$41.08
01/16/2020,CHASE,Amazon.com*H12TN11L3,AMAZON,-$19.43
01/16/2020,CHASE,WW INT'L-DIGITAL,PAULA,-$13.30
01/20/2020,CHASE,Amazon.com*9X0H79KA3,AMAZON,-$9.95
01/22/2020,CHASE,AMZN Mktp US*O08CX4HF3,AMAZON,-$12.30
01/22/2020,CHASE,AMZN Mktp US*JZ1KA98E3,AMAZON,-$6.67
01/24/2020,CHASE,AMZN Mktp US*I65SN5PB3,AMAZON,-$12.71
01/27/2020,CHASE,Amazon.com*QJ5IK02Z3,AMAZON,-$18.01
01/28/2020,CHASE,AMZN Mktp US*9U3TQ9US3,AMAZON,-$14.09
01/28/2020,CHASE,Amazon.com*R78OO4AW3,AMAZON,-$11.69
01/28/2020,CHASE,AMZN Mktp US*PP7WY5CO3,AMAZON,-$23.63
01/28/2020,CHASE,Amazon.com*0W67R9P23,AMAZON,-$10.78
01/28/2020,CHASE,Amazon.com*V17Y115L3,AMAZON,-$16.39
01/28/2020,CHASE,Amazon.com*NE6X81N73,AMAZON,-$35.50
01/28/2020,CHASE,Amazon.com*1016336O3,AMAZON,-$18.90
01/29/2020,CHASE,Amazon.com*157SP4W03,AMAZON,-$14.05
01/31/2020,CHASE,LONE STAR COMICS WEB,ENTERTAINMENT,-$17.64
02/01/2020,CHASE,REDBOX *DVD RENTAL,ENTERTAINMENT,-$1.91
02/03/2020,CHASE,Amazon.com*3V42Q9VR3,AMAZON,-$19.24
02/03/2020,CHASE,ST. PATRICKS CHURCH,ENTERTAINMENT,-$225.00
02/04/2020,CHASE,Burger King 5882,RESTAURANT,-$9.30
02/04/2020,CHASE,ONECAUSE,ENTERTAINMENT,-$0.50
02/04/2020,CHASE,ST. PATRICK SCHOOL,ENTERTAINMENT,-$20.00
02/04/2020,CHASE,Amazon.com*S699O4SJ3,AMAZON,-$24.37
02/09/2020,CHASE,Amazon.com*QV1AL2G73,AMAZON,-$166.40
02/09/2020,CHASE,GOOGLE *Google Play,ENTERTAINMENT,-$0.51
02/12/2020,CHASE,Amazon.com*5N3TZ4RP3,AMAZON,-$14.78
02/14/2020,CHASE,WALMART.COM,DIAPERS,-$41.08
02/16/2020,CHASE,WW INT'L-DIGITAL,PAULA,-$13.30
02/17/2020,CHASE,TARGET        00018549,TARGET,-$100.89
02/19/2020,CHASE,SAFEWAY #2797,GROCERIES,-$13.77
02/19/2020,CHASE,CVS/PHARMACY #01431,MEDICAL,-$13.77
02/20/2020,CHASE,Amazon.com*RU7HZ5JC3,AMAZON,-$9.23
02/20/2020,CHASE,GIANT 0135,GROCERIES,-$36.52
02/20/2020,CHASE,PAYPAL *TKA KARATE,ENTERTAINMENT,-$48.00
02/21/2020,CHASE,TARGET.COM  *,PAPER TOWELS,-$30.19
02/22/2020,CHASE,Amazon.com*AO3K93E33,AMAZON,-$12.70
02/27/2020,CHASE,ACT*Active Montgomery,ENTERTAINMENT,-$75.00
03/01/2020,CHASE,Amazon.com*W787O4ID3,AMAZON,-$18.19
03/01/2020,CHASE,Amazon.com*4Z91A68D3,AMAZON,-$7.29
03/02/2020,CHASE,Amazon.com*TI98U96A3,AMAZON,-$20.05
03/02/2020,CHASE,Amazon.com*4Z9HO9393,AMAZON,-$15.31
03/03/2020,CHASE,Amazon.com*K50NC4S03,AMAZON,-$24.22
03/03/2020,CHASE,WALMART.COM,DIAPERS & WIPES,-$60.40
03/04/2020,CHASE,Amazon.com*KD5KH2YZ3,AMAZON,-$23.87
03/04/2020,CHASE,Amazon.com*AP9NF2F53,AMAZON,-$15.20
03/04/2020,CHASE,Amazon.com*723D19KI3,AMAZON,-$11.69
03/04/2020,CHASE,Amazon.com*H95TV3IR3,AMAZON,-$20.39
03/04/2020,CHASE,Amazon.com*I00SQ2UC3,AMAZON,-$12.75
03/04/2020,CHASE,Amazon.com*J57541HQ3,AMAZON,-$7.18
03/05/2020,CHASE,BROWNPAPERTICKETS COM,ENTERTAINMENT,-$20.88
03/06/2020,CHASE,AMZN Mktp US*5D4KQ4Y53,PAULA,-$18.11
03/06/2020,CHASE,GOOGLE *Google Play,ENTERTAINMENT,-$2.46
03/13/2020,CHASE,REDBOX *DVD RENTAL,ENTERTAINMENT,-$1.16
03/13/2020,CHASE,AMZN Mktp US,PAULA,-$35.74
03/16/2020,CHASE,WW INT'L-DIGITAL,PAULA,-$13.30
03/19/2020,CHASE,AMZN Mktp US*J66X779I3,AMAZON,-$35.74
03/20/2020,CHASE,ST. PATRICK SCHOOL,TUITION,-$52.00
03/20/2020,CHASE,AFFINITY,PAULA,-$24.99
03/20/2020,CHASE,AFFINITY,PAULA,-$24.99
03/22/2020,CHASE,Amazon.com*NC4C92953,AMAZON,-$48.73
03/23/2020,CHASE,AMZN Mktp US*DT3SA72E3,AMAZON,-$16.44
03/29/2020,CHASE,ACT*Active Montgomery,NECESSITIES,$75.00
03/29/2020,CHASE,AMZN Mktp US*BL3D21S93,AMAZON,-$7.07
03/29/2020,CHASE,AMZN Mktp US*3K1X51E63,AMAZON,-$18.01
03/29/2020,CHASE,AMZN Mktp US*3W33P0R83,AMAZON,-$18.01
03/30/2020,CHASE,AMZN Mktp US*AB40P8ZE3,AMAZON,-$13.39
03/31/2020,CHASE,Amazon.com*2P71K44B3,AMAZON,-$35.00
03/31/2020,CHASE,AMZN Digital*IJ8N83Z53,AMAZON,-$4.09
03/31/2020,CHASE,Amazon.com*FN4OX1JC3,AMAZON,-$9.81
04/01/2020,CHASE,Amazon.com*0O5ME82T3,AMAZON,-$28.81
04/01/2020,CHASE,TARGET.COM *,TARGET,-$57.06
04/02/2020,CHASE,Amazon.com*HM5903J23,AMAZON,-$15.89
04/02/2020,CHASE,AMZN Mktp US*JD7DW8D93,AMAZON,-$89.20
04/02/2020,CHASE,AMZN Mktp US*GB48G5463,AMAZON,-$16.95
04/02/2020,CHASE,AMZN Mktp US*TY40O8P03,AMAZON,-$12.47
04/03/2020,CHASE,AMZN Digital*WE0CW9ZL3,AMAZON,-$0.99
04/04/2020,CHASE,Amazon.com*J51061HY3,AMAZON,-$6.02
04/05/2020,CHASE,Amazon.com*AN9OE7NO3,AMAZON,-$20.39
04/05/2020,CHASE,Amazon.com*9Q9EL6G23,AMAZON,-$11.69
04/05/2020,CHASE,Amazon.com*5F0LR4533,AMAZON,-$9.64
04/05/2020,CHASE,Amazon.com*F503Z4TJ3,AMAZON,-$14.05
04/05/2020,CHASE,Amazon.com*H659G3MX3,AMAZON,-$6.12
04/05/2020,CHASE,Amazon.com*6J3LZ50O3,AMAZON,-$14.05
04/05/2020,CHASE,Amazon.com*CE3TA7M73,AMAZON,-$8.11
04/06/2020,CHASE,Amazon.com*KL1VA0303,AMAZON,-$27.54
04/10/2020,CHASE,AMZN Mktp US*6C5EU8H63,AMAZON,-$19.12
04/10/2020,CHASE,TARGET.COM *,TARGET,-$31.85
04/11/2020,CHASE,AMZN Mktp US*EL3IW0HL3,MORTGAGE_CREDIT,-$26.49
04/11/2020,CHASE,AMZN Mktp US*F83T072W3,AMAZON,-$14.78
04/11/2020,CHASE,AMZN Mktp US*KX31A78T3,MORTGAGE_CREDIT,-$13.77
04/13/2020,CHASE,AMZN Mktp US*IG5OH9S73,AMAZON,-$6.52
04/15/2020,CHASE,AMZN Mktp US*HQ4E02JZ3,MORTGAGE_CREDIT,-$7.37
04/15/2020,CHASE,BESTBUYCOM805795689235,PAULA,-$211.99
04/16/2020,CHASE,WALMART.COM,PAULA,-$58.29
04/16/2020,CHASE,PAYPAL *BESTBUY COM,PAULA,-$100.67
04/17/2020,CHASE,AMZN Mktp US*ZL0S96D43,AMAZON,-$16.87
04/17/2020,CHASE,Amazon.com*A67T18YM3,AMAZON,-$13.22
04/17/2020,CHASE,AMZN Mktp US*T72WD7FQ3,AMAZON,-$10.59
04/18/2020,CHASE,AMZN Mktp US*7Z2MA8GA3,MORTGAGE_CREDIT,-$7.78
04/18/2020,CHASE,AMZN Mktp US*YV5C08BZ3,MORTGAGE_CREDIT,-$11.61
04/18/2020,CHASE,AMZN Mktp US*IY83J8TW3,AMAZON,-$32.84
04/19/2020,CHASE,AMZN Mktp US*9V7Q210G3,AMAZON,-$42.98
04/19/2020,CHASE,AMZN Mktp US*PU41K9OI3,AMAZON,-$14.83
04/22/2020,CHASE,AMZN Mktp US*3H3LL4Q33,MORTGAGE_CREDIT,-$27.54
04/23/2020,CHASE,AMZN Mktp US*NP8120NW3,MORTGAGE_CREDIT,-$25.42
04/24/2020,CHASE,Amazon.com*7R28T1IU3,AMAZON,-$14.05
04/25/2020,CHASE,WALMART.COM,DIAPERS & WIPES,-$80.03
04/26/2020,CHASE,Amazon.com*K97KS6ZO3,AMAZON,-$38.14
04/27/2020,CHASE,PAYPAL *REOLINK,NECESSITIES,-$129.59
04/30/2020,CHASE,Prime Video*WH1W75J23,ENTERTAINMENT,-$2.99
04/30/2020,CHASE,GOOGLE*GOOGLE PLAY,ENTERTAINMENT,-$2.90
05/02/2020,CHASE,AMZN Mktp US*0A60S7KT3,AMAZON,-$10.79
05/02/2020,CHASE,Amazon.com*9D3O39TN3,AMAZON,-$7.41
05/04/2020,CHASE,Amazon.com*ZV9ML33S3,AMAZON,-$14.38
05/04/2020,CHASE,Amazon.com*AT2VR4D23,AMAZON,-$9.90
05/04/2020,CHASE,Amazon.com*Y27LV0SY3,AMAZON,-$35.00
05/04/2020,CHASE,Amazon.com*8T3UM5JF3,AMAZON,-$5.38
05/04/2020,CHASE,Amazon.com*4111154L3,AMAZON,-$36.02
05/04/2020,CHASE,Amazon.com*IM6RH16Z3,AMAZON,-$15.20
05/04/2020,CHASE,AMZN Mktp US*RB3JR0SV3,AMAZON,-$19.07
05/04/2020,CHASE,Amazon.com*S38EV5LO3,AMAZON,-$18.89
05/04/2020,CHASE,Amazon.com*EC2K04EU3,AMAZON,-$24.43
05/05/2020,CHASE,Amazon.com*DO7G74WV3,AMAZON,-$6.86
05/05/2020,CHASE,SARDIS BEL* SARDIS CHI,AMAZON,-$46.04
05/05/2020,CHASE,Amazon.com*BE1QR4R13,AMAZON,-$6.25
05/05/2020,CHASE,Amazon.com*9P4XW4PM3,AMAZON,-$41.43
05/06/2020,CHASE,AMZN Mktp US*MA8BQ9UI3,AMAZON,-$19.55
05/06/2020,CHASE,Amazon.com*FU9SA0OX3,AMAZON,-$6.70
05/06/2020,CHASE,AMZN Mktp US*S887K9ON3,AMAZON,-$16.96
05/06/2020,CHASE,AMZN Mktp US*ZJ4P471D3,AMAZON,-$28.79
05/06/2020,CHASE,AMZN Mktp US*5Q2DI5E93,AMAZON,-$33.24
05/06/2020,CHASE,Amazon.com*4C8TE9NF3,AMAZON,-$11.69
05/06/2020,CHASE,Amazon.com*RO1E44M53,AMAZON,-$16.25
05/06/2020,CHASE,Amazon.com*1E1BZ8CP3,AMAZON,-$38.25
05/06/2020,CHASE,Amazon.com*0U5MK97F3,AMAZON,-$12.74
05/06/2020,CHASE,Amazon.com*PV79M3P03,AMAZON,-$52.99
05/06/2020,CHASE,AMZN Mktp US*3P4J46A03,AMAZON,-$25.46
05/06/2020,CHASE,Amazon.com*5H6LT06K3,AMAZON,-$14.05
05/06/2020,CHASE,Amazon.com*NG3RS0633,AMAZON,-$3.57
05/09/2020,CHASE,PAYPAL *TRACTORSUPP,ENTERTAINMENT,-$138.77
05/09/2020,CHASE,Amazon.com*S56XP5DN3,AMAZON,-$50.00
05/11/2020,CHASE,AMZN Mktp US*H03QL9H33,AMAZON,-$4.51
05/14/2020,CHASE,WALMART.COM,DIAPERS & WIPES,-$77.99
05/16/2020,CHASE,LITERATIBOOKS.COM,ENTERTAINMENT,-$4.95
05/16/2020,CHASE,AMZN Mktp US*MC38U5YC1,GROCERIES,-$137.29
05/18/2020,CHASE,Amazon Tips*MC3H49R82,GROCERIES,-$7.00
05/19/2020,CHASE,AMZN Mktp US*M76IV3TP1,AMAZON,-$25.43
05/19/2020,CHASE,Amazon.com*M750A2FS2,AMAZON,-$29.24
05/19/2020,CHASE,AMZN Mktp US*MC9JC8YY2,AMAZON,-$143.09
05/20/2020,CHASE,AMZN Mktp US*M78HS80J1,AMAZON,-$7.41
05/20/2020,CHASE,ST. PATRICKS CHURCH,NECESSITIES,$200.00
05/21/2020,CHASE,AMZN Mktp US*M741M2090,GROCERIES,-$47.10
05/21/2020,CHASE,AMZN Mktp US*M71AL0GZ1,AMAZON,-$33.74
05/22/2020,CHASE,AMZN Mktp US*M79OV4JI2,AMAZON,-$10.59
05/22/2020,CHASE,TARGET.COM  *,TARGET,-$13.58
05/22/2020,CHASE,TARGET.COM  *,TARGET,-$64.64
05/22/2020,CHASE,AMZN Mktp US*M71KW5PC0,AMAZON,-$14.83
05/23/2020,CHASE,Amazon Tips*M71AA8VU0,GROCERIES,-$5.00
05/23/2020,CHASE,AMZN Mktp US*M713D3MY0,AMAZON,-$34.59
05/23/2020,CHASE,AMZN Mktp US*M70AE4EZ2,AMAZON,-$58.53
05/23/2020,CHASE,TARGET.COM  *,TARGET,-$52.73
05/24/2020,CHASE,AMZN Mktp US*M72SD4Q21,AMAZON,-$11.65
05/27/2020,CHASE,AMZN Mktp US*M73GF32O0,GROCERIES,-$158.94
05/28/2020,CHASE,VISTAPR*VistaPrint.com,NECESSITIES,-$16.56
05/29/2020,CHASE,Amazon Tips*M76T20DK2,GROCERIES,-$10.00
05/29/2020,CHASE,PAYPAL *RINGTOP LTD,ENTERTAINMENT,-$51.67
05/29/2020,CHASE,TARGET.COM *,TARGET,-$9.29
05/29/2020,CHASE,TARGET.COM *,TARGET,-$48.91
05/30/2020,CHASE,THE BIG GREEK CAFE- SILVE,RESTAURANT,-$41.85
06/01/2020,CHASE,Amazon.com*MY9TK44Y0,AMAZON,-$5.80
06/02/2020,CHASE,Amazon.com*MY1W91CP2,AMAZON,-$16.58
06/03/2020,CHASE,AMZN Mktp US*MY1SL6J20,AMAZON,-$9.05
06/03/2020,CHASE,Amazon.com*MY4S38JM0,AMAZON,-$15.43
06/03/2020,CHASE,Amazon.com*MY4774402,GROCERIES,-$13.34
06/03/2020,CHASE,Amazon.com*MY6KL8JA0,GROCERIES,-$15.20
06/03/2020,CHASE,Amazon.com*MY2CB0FW2,AMAZON,-$3.09
06/03/2020,CHASE,AMZN Mktp US*MY1GL5F12,AMAZON,-$25.53
06/03/2020,CHASE,Amazon.com*MY5356PM1,AMAZON,-$6.75
06/03/2020,CHASE,Amazon.com*MY5VD1PG1,AMAZON,-$11.69
06/03/2020,CHASE,Amazon.com*MY3SX1J50,AMAZON,-$3.74
06/03/2020,CHASE,Amazon.com*MY0SS2JQ0,AMAZON,-$3.45
06/03/2020,CHASE,Amazon.com*MY6CH2F12,AMAZON,-$8.08
06/04/2020,CHASE,TARGET.COM *,TARGET,-$4.99
06/04/2020,CHASE,TARGET.COM *,TARGET,-$7.00
06/04/2020,CHASE,TARGET.COM *,TARGET,-$53.90
06/05/2020,CHASE,Amazon.com*MY3W35PQ0,GROCERIES,-$30.50
06/05/2020,CHASE,Amazon.com*MY36P0P20,GROCERIES,-$23.97
06/05/2020,CHASE,Amazon.com*MY06P9P20,AMAZON,-$25.49
06/05/2020,CHASE,AMZN Mktp US*MY7WA8PW0,AMAZON,-$5.28
06/05/2020,CHASE,TARGET.COM *,TARGET,-$7.98
06/06/2020,CHASE,Amazon.com,AMAZON,$16.58
06/06/2020,CHASE,AMZN Mktp US*MY3F39GU0,AMAZON,-$62.38
06/07/2020,CHASE,AMZN Mktp US*MY3BU2ML0,PAULA,-$30.74
06/07/2020,CHASE,Amazon.com*MY7BU4ML0,GROCERIES,-$14.08
06/07/2020,CHASE,AMZN Mktp US*MY9YW5E52,PAULA,-$26.49
06/07/2020,CHASE,AMZN Mktp US*MY92Z7M70,PAULA,-$135.02
06/08/2020,CHASE,AMZN Mktp US*MY3CC8SV1,AMAZON,-$48.35
06/08/2020,CHASE,Amazon.com*MY9UF71V2,AMAZON,-$100.00
06/09/2020,CHASE,WALMART.COM,PAPER TOWELS,-$69.64
06/09/2020,CHASE,Amazon.com*MY2ZR99I1,AMAZON,-$30.42
06/12/2020,CHASE,AMZN Mktp US*MY9TW8602,MORTGAGE_CREDIT,-$22.24
06/13/2020,CHASE,Amazon.com*MY1OI7KD2,AMAZON,-$15.73
06/14/2020,CHASE,AMZN Mktp US*MY8NI6YQ0,GROCERIES,-$199.45
06/15/2020,CHASE,Amazon.com*MY3OX9WZ2,AMAZON,-$10.59
06/16/2020,CHASE,Amazon.com,AMAZON,$30.42
06/16/2020,CHASE,Amazon Tips*MS4VU0JJ1,GROCERIES,-$5.00
06/16/2020,CHASE,AMZN Mktp US*MS8C25361,AMAZON,-$52.35
06/16/2020,CHASE,AMZN Mktp US*MS32183B1,AMAZON,-$139.37
06/17/2020,CHASE,AMZN Mktp US*MS47R7EJ1,AMAZON,-$18.01
06/17/2020,CHASE,AMZN Mktp US*MS5IV6JX0,AMAZON,-$26.99
06/17/2020,CHASE,Amazon.com*MS8AO64X2,AMAZON,-$65.71
06/17/2020,CHASE,Amazon.com*MS32I03X0,AMAZON,-$81.05
06/18/2020,CHASE,MCDONALD'S M4539 OF MD,RESTAURANT,-$10.68
06/20/2020,CHASE,Amazon.com*MS67I0TQ2,AMAZON,-$8.47
06/22/2020,CHASE,AMZN Mktp US*MS6V138O1,MORTGAGE_CREDIT,-$206.46
06/22/2020,CHASE,AMZN Mktp US*MS1ML91J2,AMAZON,-$11.87
06/25/2020,CHASE,AMZN Mktp US*MS6L338Q2,AMAZON,-$28.21
06/25/2020,CHASE,WALMART.COM AX,PAPER TOWELS,-$52.44
06/25/2020,CHASE,ACT*Active Montgomery,ENTERTAINMENT,-$32.45
06/25/2020,CHASE,AMZN Mktp US*MS4VD7BJ2,GROCERIES,-$139.02
06/25/2020,CHASE,WALMART.COM,DIAPERS & WIPES,-$13.64
06/27/2020,CHASE,AMZN Mktp US*MJ72N8CT1,AMAZON,-$19.10
06/27/2020,CHASE,SPARKLINGSPARKLERS.COM,ENTERTAINMENT,-$21.99
06/27/2020,CHASE,SPARKLINGSPARKLERS.COM,ENTERTAINMENT,-$21.99
06/27/2020,CHASE,AMZN Mktp US*MJ4JO4CO1,AMAZON,-$7.37
06/27/2020,CHASE,SPARKLINGSPARKLERS.COM,ENTERTAINMENT,-$21.99
06/27/2020,CHASE,Amazon.com*MS3M06SY2,ENTERTAINMENT,-$18.01
06/27/2020,CHASE,AMZN Mktp US*MS90O3SR2,AMAZON,-$11.65
06/27/2020,CHASE,Amazon Tips*MS4J80YT1,GROCERIES,-$7.00
06/29/2020,CHASE,Amazon.com*MJ9HF64N1,AMAZON,-$6.29
06/29/2020,CHASE,SPARKLINGSPARKLERS.COM,ENTERTAINMENT,$21.99
06/29/2020,CHASE,SUPERIOR FIREWORKS Online,ENTERTAINMENT,-$27.59
06/29/2020,CHASE,SPARKLINGSPARKLERS.COM,ENTERTAINMENT,$21.99
06/29/2020,CHASE,Amazon.com*MS5DS1IQ0,AMAZON,-$4.34
06/29/2020,CHASE,AMAZON,AMAZON,-$42.27
06/30/2020,CHASE,Amazon.com*MJ1FK1NZ1,AMAZON,-$26.69
06/30/2020,CHASE,Amazon.com*MJ0376NM1,AMAZON,-$18.96
06/30/2020,CHASE,AMZN Mktp US*MJ63A4NQ1,AMAZON,-$47.64
07/01/2020,CHASE,Amazon.com*MJ2GO3TO1,AMAZON,-$13.95
07/01/2020,CHASE,AMZN Mktp US*MJ7MN4CT2,AMAZON,-$19.55
07/01/2020,CHASE,AMZN Mktp US*MJ0KX2O70,AMAZON,-$32.43
07/01/2020,CHASE,Amazon.com*MJ5MO9CP2,AMAZON,-$14.08
07/01/2020,CHASE,Amazon.com*MS38C7YI2,AMAZON,-$14.69
07/01/2020,CHASE,AMZN Mktp US*MJ3D78TW1,AMAZON,-$25.53
07/01/2020,CHASE,Amazon.com*MJ8K99ON0,AMAZON,-$16.36
07/01/2020,CHASE,Amazon.com*MJ9LB0CI2,AMAZON,-$37.64
07/01/2020,CHASE,Amazon.com*MJ5MW7CG2,AMAZON,-$10.06
07/01/2020,CHASE,AMZN Mktp US*MJ4MS8C22,AMAZON,-$16.96
07/02/2020,CHASE,Amazon.com*MJ9CF70L1,AMAZON,-$5.44
07/02/2020,CHASE,AMZN Mktp US*MJ1FD8191,AMAZON,-$23.27
07/02/2020,CHASE,RCH-SCHOOLM*8552206638,NECESSITIES,-$35.98
07/02/2020,CHASE,VISTAPR*VistaPrint.com,ENTERTAINMENT,-$31.15
07/02/2020,CHASE,Amazon.com*MJ2XX8Z80,AMAZON,-$14.03
07/02/2020,CHASE,AMZN Mktp US*MJ9B86Z90,AMAZON,-$17.42
07/02/2020,CHASE,Amazon.com*MJ6AX10A1,AMAZON,-$9.46
07/02/2020,CHASE,AMZN Mktp US*MJ07S3LC0,GROCERIES,-$213.65
07/02/2020,CHASE,TARGET.COM *,TARGET,-$9.06
07/03/2020,CHASE,MCDONALD'S F1359,RESTAURANT,-$12.37
07/03/2020,CHASE,AMZN Mktp US*MJ4VF0P11,AMAZON,-$16.27
07/04/2020,CHASE,Amazon Tips*MJ84E5J30,GROCERIES,-$10.00
07/07/2020,CHASE,GOOGLE*GOOGLE PLAY,ENTERTAINMENT,-$1.35
07/09/2020,CHASE,KiwiCo  Inc.,ENTERTAINMENT,-$31.40
07/09/2020,CHASE,Amazon.com,AMAZON,$2.31
07/10/2020,CHASE,AMZN Mktp US*MJ78P9IH1,AMAZON,-$19.65
07/11/2020,CHASE,MCDONALD'S F1359,RESTAURANT,-$12.37
07/12/2020,CHASE,WALMART.COM AV,DIAPERS & WIPES,-$76.00
07/13/2020,CHASE,Amazon.com*MJ2XR9U00,AMAZON,-$10.09
07/14/2020,CHASE,AMZN Mktp US*MV5I563Q1,GROCERIES,-$201.69
07/16/2020,CHASE,AMZN Mktp US*MV7SY8450,AMAZON,-$23.78
07/16/2020,CHASE,AMZN Mktp US*MV1VP8021,AMAZON,-$23.27
07/16/2020,CHASE,Amazon Tips*MJ7AA5IY2,GROCERIES,-$10.00
07/17/2020,CHASE,MCDONALD'S M4539 OF MD,RESTAURANT,-$10.68
07/17/2020,CHASE,Amazon.com*MV4O61L70,AMAZON,-$19.48
07/19/2020,CHASE,AMZN Mktp US*MV60T44E2,AMAZON,-$7.41
07/19/2020,CHASE,AMZN Mktp US*MV9MQ5MZ1,AMAZON,-$13.77
07/19/2020,CHASE,AMZN Mktp US*MV5U43JQ0,AMAZON,-$42.19
07/19/2020,CHASE,AMZN Mktp US*MV6SX0462,GROCERIES,-$121.71
07/19/2020,CHASE,AMZN Mktp US*MV8LB1JF0,AMAZON,-$26.48
07/20/2020,CHASE,Amazon.com*MV3OF7N52,AMAZON,-$52.99
07/21/2020,CHASE,Amazon Tips*MV0VF5QZ1,GROCERIES,-$7.00
07/21/2020,CHASE,AMZN Mktp US*MV9CL0000,AMAZON,-$81.11
07/21/2020,CHASE,TARGET.COM  *,TARGET,-$6.54
07/22/2020,CHASE,biglots.com,ENTERTAINMENT,-$46.13
07/24/2020,CHASE,THE BIG GREEK CAFE - ROCK,RESTAURANT,-$44.50
07/26/2020,CHASE,Amazon.com*MV9NF5QR0,ENTERTAINMENT,-$15.43
07/27/2020,CHASE,Amazon.com*MV2O05S30,GROCERIES,-$214.36
07/29/2020,CHASE,PAYPAL *TOYWIZ COM,ENTERTAINMENT,-$18.33
07/29/2020,CHASE,Amazon Tips*MF2TJ7N71,GROCERIES,-$10.00
07/30/2020,CHASE,AMZN Mktp US*MV7Z39IU2,PAULA,-$20.13
07/31/2020,CHASE,Burger King 5882,RESTAURANT,-$13.01
07/31/2020,CHASE,Amazon.com*MF5IZ4EV1,AMAZON,-$8.10
07/31/2020,CHASE,AMZN Mktp US*MF4VY9EL1,AMAZON,-$6.14
07/31/2020,CHASE,Amazon.com*MF25T0OE0,AMAZON,-$10.06
07/31/2020,CHASE,Amazon.com*MV0BE6WN2,AMAZON,-$19.22
07/31/2020,CHASE,Amazon.com*MF4ZK2O60,AMAZON,-$12.33
07/31/2020,CHASE,Amazon.com*MF3OW6OK0,AMAZON,-$5.81
07/31/2020,CHASE,Amazon.com*MF0VN7EG1,AMAZON,-$5.67
08/02/2020,CHASE,Amazon.com*MF12O9L80,AMAZON,-$50.00
08/02/2020,CHASE,Amazon.com*MF3UX0GN1,AMAZON,-$13.04
08/04/2020,CHASE,Amazon.com*MF2PY1T50,AMAZON,-$21.61
08/04/2020,CHASE,Amazon.com*MF8I23TE0,AMAZON,-$6.29
08/04/2020,CHASE,Amazon.com*MF5JW3NN2,AMAZON,-$3.14
08/05/2020,CHASE,Amazon.com*MF6CF4QL1,AMAZON,-$14.69
08/05/2020,CHASE,AMZN Mktp US*MF3BJ0QD1,AMAZON,-$9.53
08/05/2020,CHASE,Amazon.com*MF4HC6EX0,AMAZON,-$6.11
08/05/2020,CHASE,Amazon.com*MF6Q06QX1,AMAZON,-$7.67
08/05/2020,CHASE,Amazon.com*MF0H06EI0,AMAZON,-$23.97
08/05/2020,CHASE,Amazon.com*MF7CU5Q81,AMAZON,-$24.10
08/07/2020,CHASE,MCDONALD'S F1359,RESTAURANT,-$12.37
08/08/2020,CHASE,AMZN Mktp US*MF7CA9VE2,AMAZON,-$8.47
08/08/2020,CHASE,Amazon.com*MF6FP2MV2,AMAZON,-$15.70
08/08/2020,CHASE,AMZN Mktp US*MF7JC5MS0,AMAZON,-$7.08
08/08/2020,CHASE,PAYPAL *JBCOOKIECUT JB CO,ENTERTAINMENT,-$14.00
08/08/2020,CHASE,AMZN Mktp US*MF9RG8VD2,AMAZON,-$37.60
08/09/2020,CHASE,Amazon.com*MF1UZ5532,AMAZON,-$74.23
08/10/2020,CHASE,FOOD.BOLT.EU /C/200809175,--,$13.11
08/10/2020,CHASE,Amazon.com*MF4BW7BT0,AMAZON,-$53.38
08/10/2020,CHASE,FOOD.BOLT.EU /C/200809175,--,-$13.11
08/10/2020,CHASE,FOOD.BOLT.EU /C/200809173,--,-$25.23
08/10/2020,CHASE,FOOD.BOLT.EU /C/200809173,--,$25.23
08/11/2020,CHASE,WALMART.COM AT,DIAPERS & WIPES,-$92.55
08/14/2020,CHASE,TARGET.COM *,NECESSITIES,-$9.06
08/15/2020,CHASE,REDEMPTION CREDIT,AMAZON,$38.40
08/15/2020,CHASE,Kindle Svcs*MM13700H1,PAULA,-$1.49
08/17/2020,CHASE,PP*PARTYCITYCO,ENTERTAINMENT,-$39.17
08/17/2020,CHASE,AMZN Mktp US*MM7HP5Z72,AMAZON,-$26.85
08/18/2020,CHASE,Amazon.com*MM8SY3342,GROCERIES,-$169.98
08/18/2020,CHASE,AMZN Mktp US*MM6778MJ1,AMAZON,-$7.41
08/18/2020,CHASE,AMZN Mktp US*MM8TP5NN2,AMAZON,-$23.98
08/19/2020,CHASE,WALMART.COM AS,ENTERTAINMENT,-$95.39
08/20/2020,CHASE,AMZN Mktp US*MM6UM8Q11,AMAZON,-$25.82
08/20/2020,CHASE,Amazon Tips*MM3Z401U2,GROCERIES,-$10.00
08/21/2020,CHASE,PAYPAL *ETSY.COM,ENTERTAINMENT,-$5.96
08/22/2020,CHASE,AMZN Mktp US*MM9TL7AK0,AMAZON,-$13.30
08/23/2020,CHASE,PAYPAL *OLD NAVY,NECESSITIES,-$53.00
08/23/2020,CHASE,Amazon.com*MM5IA2EE0,AMAZON,-$9.57
08/24/2020,CHASE,MCDONALD'S M4539 OF MD,RESTAURANT,-$3.17